From Date,PM2.5,PM10,NO,NO2,NOx,NH3,SO2,CO,Ozone,Benzene,Toluene,Temp,RH,WS,WD,SR,BP,VWS,AT,RF,Xylene,TOT-RF
22-06-2022 00:00,30.8,88.25,29.73,35.23,42.95,18.18,9.95,0.55,4.92,3.45,23.88,29.35,76.82,1.28,246.48,127.9,743.33,0,30.38,0,3.17,0
23-06-2022 00:00,26.12,82.87,32.02,40.52,47.63,18.45,8.33,0.44,5.98,2.34,10.2,29.56,76.84,1.75,258.57,122.46,744.1,0.01,30.62,0,2.78,0
24-06-2022 00:00,46.25,107.55,32.86,40.7,48.41,18.43,9.34,0.5,4.84,3.45,39.78,29.52,82.11,1.65,260.97,47.69,743.4,0,29.6,0,3.76,0
25-06-2022 00:00,45.49,104.7,38.21,40.32,52.54,19.82,12.18,0.67,4.13,3.34,36.55,28.84,83.63,1.57,261.78,53.62,741.73,0,28.23,0.01,3.58,0.5
26-06-2022 00:00,33.63,84.6,23.89,36.63,38.95,18.96,10.94,0.46,4.9,3.43,47.7,29.04,80.33,1.69,242.18,110.47,742.35,0,29.46,0.19,2.68,17.5
27-06-2022 00:00,29.06,88.92,26.94,35.97,41.1,17.61,10.75,0.41,5.43,2.93,20.78,29.41,77.69,1.82,249.9,139.57,743.53,0,30.79,0,2.35,0
28-06-2022 00:00,33.7,88.19,29.23,31.9,40.78,15.82,11.77,0.44,4.14,2.84,39.28,28.43,78.87,1.58,263.42,95.86,743.22,0,30.03,0,2.84,0
29-06-2022 00:00,36.47,98.81,24.76,32.38,37.36,15.89,12.29,0.49,4.23,3.77,21.05,28.64,78.62,2.18,247.87,124.9,742.19,-0.01,30.89,0,2.51,0
30-06-2022 00:00,36.77,107.4,22.45,33.32,36.01,15.96,13.01,0.6,4.38,2.92,9.94,28.64,79.04,2.16,233.67,112.93,742.03,-0.01,31.31,0.01,2.41,0.5
01-07-2022 00:00,32.93,93.26,24.31,33.68,37.72,18.13,11.68,0.51,5.96,2.48,11.89,29.77,76.08,1.89,236.62,129.58,741.57,0,32.28,0,2.16,0
02-07-2022 00:00,43.2,105.06,20.11,39.23,37.26,21.11,12.03,0.53,12.22,3.01,22.05,28.68,80.26,1.37,217.77,54.67,740.49,0,30.76,0,2.71,0
03-07-2022 00:00,46.42,113.24,24.61,41.12,41.92,20.6,9.04,0.63,9.71,5.6,53.73,28.51,77.77,1.37,234.29,95.76,740.48,0,31.85,0,3.06,0
04-07-2022 00:00,26.81,80.05,29.54,32.53,41.37,14.86,11.89,0.46,5.41,3.13,38.86,28.64,73.1,2.18,271.28,87.51,740.43,0,30.6,0.01,3.19,0.5
05-07-2022 00:00,31.84,81.49,29.38,30.77,40.29,13.86,12.93,0.37,4.38,3.02,23.47,28.73,76.75,2.14,263.09,69.05,740.09,0,29.91,0,2.79,0
06-07-2022 00:00,25.28,67.14,25.99,30.54,37.41,13.4,12.04,0.38,4.37,2.76,15.42,28.88,78.88,2.38,250.58,93.75,740.81,0,29.94,0.33,2.78,28
07-07-2022 00:00,36.94,91.06,33.66,32.98,44.93,13.34,12.38,0.52,4.41,2.77,19.98,28.59,78.58,1.73,261.08,61.42,742.19,0,30.06,0.01,3.6,0.5
08-07-2022 00:00,26.19,59.08,33.74,33.69,45.39,13.18,12.76,0.39,5.59,2.65,15.46,28.77,82.27,1.9,260.09,72.99,740.44,0,28.4,0.29,3.07,26
09-07-2022 00:00,19.85,52.22,30.97,30.64,41.51,13.08,12.5,0.29,4.41,2.28,17.83,28.65,81.53,2.46,262.57,100.02,738.48,0,28.06,0,2.52,0
10-07-2022 00:00,16.63,51.31,27.6,30.58,38.74,13.46,12.54,0.24,4.41,1.85,13.75,28.8,77.1,2.44,254.45,113.6,738.1,0,29.31,0,2.09,0
11-07-2022 00:00,19.88,43.71,32.54,30.7,42.83,13.98,12.85,0.28,4.38,2.12,14.79,28.65,84.95,2.55,267.36,30.97,738.99,0,25.7,0.03,2.34,2.5
12-07-2022 00:00,17.56,50.57,33.73,31.31,44.11,15.16,13.05,0.32,4.25,2,11.37,28.79,81.67,2.62,243.29,77.32,738.27,0,26.46,0,2.49,0
13-07-2022 00:00,21.55,72.89,30.21,31.29,41.24,16.31,12.24,0.25,4.36,1.84,11.81,28.76,77.2,2.77,249.78,88.08,737.69,0,27.56,0,2.4,0
14-07-2022 00:00,22.83,101.71,29.84,30.85,40.71,19.48,11.18,0.3,4.46,2.09,10.3,30.64,75.08,2.68,259.31,86.67,737.44,0,28.34,0,2.38,0
15-07-2022 00:00,31.8,103.69,36.51,39.9,50.95,18.78,12.21,0.63,5.4,2.68,17.5,27.62,73.6,1.8,260.18,82.73,740.03,0,30.06,0,3.95,0
16-07-2022 00:00,36.63,107.96,38.54,33.28,49.07,8.42,10.58,0.38,4.44,2.87,19.26,29.66,82.08,1.36,271.13,53.5,741.07,0,28.59,0.01,4.09,1
17-07-2022 00:00,31.67,94.42,27.45,30.57,38.57,3.96,11.66,0.45,4.3,2.87,14.63,27.8,83.79,1.76,251.38,52.33,741.66,0,27.94,0.01,2.48,1
18-07-2022 00:00,24.86,84.23,26.19,30.26,37.43,5.08,11.31,0.35,4.33,2.01,8.61,27.9,82.04,2.18,244.7,85.84,742.99,0,28.64,0.13,2.44,12
19-07-2022 00:00,27,104.28,21.51,31.27,34.16,5.52,12.02,0.36,4.37,2.17,8.37,27.85,77.74,2.29,246.85,161.49,743.57,0,31.02,0,2.06,0
20-07-2022 00:00,37.18,130.63,17.48,34.8,32.76,5.93,11.41,0.37,4.21,2.78,8.07,28.18,77.3,2.49,253.29,149.43,743.51,0,31.67,0,2.16,0
21-07-2022 00:00,44.79,142.79,20.14,39.52,37.44,6.46,12.36,0.58,5.8,2.97,11.95,27.65,77.63,1.91,260.77,93.95,743.25,0,31.42,0.01,2.65,0.5
22-07-2022 00:00,31.88,93.69,27.67,33.67,40.44,6.88,12.53,0.45,4.23,2.83,22.22,27.77,76.87,2.01,269.5,76.2,742.93,0,29.9,0,2.46,0
23-07-2022 00:00,29.07,104.88,28.16,32.27,40.1,7.22,10.67,0.38,4.26,2.69,13.89,27.81,75.95,2.19,263.03,126.1,741.89,0,30.16,0,2.08,0
24-07-2022 00:00,25.01,80,23.93,31.28,36.13,7.64,12.6,0.41,4.34,1.99,10.76,27.87,77.15,2.25,272.43,92.54,743.09,0,29.12,0.01,1.68,0.5
25-07-2022 00:00,26.78,86.08,21.65,33.64,35.54,8.44,13.51,0.37,5.84,2.14,17.05,28.11,76.44,1.8,256.45,180.03,744.71,0.01,30.67,0,1.67,0
26-07-2022 00:00,34.78,126.08,33.92,43.88,50.96,7.31,11.82,0.54,5.74,3.14,13.22,28.34,79.05,1.22,251.92,122.34,746.06,0,29.79,0.01,2.62,0.5
27-07-2022 00:00,27.04,116.11,32.74,29.41,42.31,10.21,10.87,0.26,7.9,2.32,10.65,28.5,76.74,1.52,244.25,187.01,746.22,0.02,30.87,0,2.84,0
28-07-2022 00:00,26.84,95.61,25.86,29.88,36.91,9.47,12.46,0.52,6.7,2.54,51.83,28.5,76.3,1.77,263.95,160.92,746.62,0.01,31.22,0,1.43,0
29-07-2022 00:00,27.12,104.07,28.43,29.07,38.63,62.62,11.03,0.44,4.05,2.85,57.65,28.92,75.07,1.99,268.28,165.11,745.95,0,32.1,0,2.17,0
30-07-2022 00:00,32.32,101.23,29.68,28.25,39.2,48.4,10.17,0.39,6.68,2.7,80.69,28.95,74.91,1.96,268.37,169.51,744.76,0,32.27,0,1.87,0
31-07-2022 00:00,20.34,64.16,25.74,23.79,33.63,37.62,9.37,0.26,4.54,1.71,14.31,28.77,79.34,2.32,274.39,135.23,743.54,0,31.48,0.32,1.28,23.5
01-08-2022 00:00,22.53,80.68,22.29,31.59,34.96,28.43,12.9,0.37,8.25,2,19.45,28.85,74.42,1.56,271.42,158.56,743.28,0,31.44,0,1.43,0
02-08-2022 00:00,33.14,115.28,25.56,29.82,36.68,18.99,14.34,0.22,13.4,1.89,12.88,28.88,75.93,1.27,269.09,159.05,742.38,0.01,32.15,0,1.57,0
03-08-2022 00:00,28.49,96.86,18.86,25.66,29.03,21.82,13.27,0.23,15.79,1.62,6.59,28.55,74.75,0.51,229.58,162.73,742.74,0.01,31.78,0,1.42,0
04-08-2022 00:00,16.46,75.41,21.59,24.04,30.38,20.15,12.66,0.3,15.55,1.41,6.47,28.73,75.24,0.9,206.92,108.61,742.64,0.01,30.68,0,1.13,0
05-08-2022 00:00,22.92,80.88,24.84,26.93,34.56,15.79,11.27,0.25,7.77,1.75,7.71,28.85,77.36,1.31,266.1,96.37,741.9,0.01,29.56,0,1.7,0
06-08-2022 00:00,24.57,68.07,25.52,31.87,37.75,15.06,12.76,0.4,6.26,2.21,19.82,28.87,77.52,1.22,274.18,85.64,740.48,0,29.27,0.2,1.38,18
07-08-2022 00:00,22.23,58.09,29.7,30.14,40.23,13.3,12.37,0.31,4.64,2.19,29.52,28.92,82.88,1.51,280.36,67.7,738.41,0,27.78,0.02,1.4,1.5
08-08-2022 00:00,27.25,62.64,39.99,32,49.57,12.63,10.11,0.35,4.29,2.17,14.45,28.9,86.41,1.78,265.64,31.01,737.77,0,25.69,0.1,1.64,9.5
09-08-2022 00:00,21.6,74.96,24.46,27.59,34.61,11.67,10.79,0.29,4.37,1.53,8.32,28.63,80.69,3.07,269.02,78.3,738.25,0.01,27.46,0,1.11,0
10-08-2022 00:00,28.69,117.47,24.32,30.64,36.11,12.25,11.2,0.42,4.37,2.15,7.69,28.57,74.64,2.9,292.11,78.47,739.56,0.01,29.29,0,1.19,0
11-08-2022 00:00,26.29,108.17,19.56,28.88,31.3,12.59,8.87,0.34,4.88,1.68,7.04,28.71,72.84,1.52,288.3,123.75,741.75,0.01,31.17,0,1.24,0
12-08-2022 00:00,26.31,84.74,25.7,30.8,37.32,13.43,11.1,0.38,4.55,2.22,9.6,28.77,70.68,0.3,275.22,125.28,742.39,0,32.44,0,1.75,0
13-08-2022 00:00,29.38,90.26,34.36,34.04,46.08,15.66,11.99,0.43,4.37,2.23,17.02,28.67,73.21,0.3,278.7,38.89,741.75,0,30.17,0,2.08,0
14-08-2022 00:00,22.21,70.04,29.71,30.56,40.45,13.6,10.22,0.4,4.6,1.87,11.55,28.47,81.1,0.3,269.3,38.59,741.6,0,26.82,0.03,1.57,3
15-08-2022 00:00,25.46,107.63,23.75,30.65,35.66,12.72,11.39,0.55,4.53,2.24,5.97,28.43,76.11,0.3,288.1,97.51,744.49,0.01,29.25,0,1.11,0
16-08-2022 00:00,25.16,91,22.21,30.96,34.57,13.75,10.84,0.37,4.41,2,7.91,28.83,75.1,0.67,276.01,136.63,746.06,-0.01,31.05,0,1.52,0
17-08-2022 00:00,40.38,116.17,21.45,32.96,35.02,14.65,7.71,0.47,4.41,2.75,9.12,28.84,77.38,1.56,273.56,115.86,745.31,-0.04,31.56,0,1.71,0
18-08-2022 00:00,41.57,112.27,19.39,33.73,33.75,15.66,6.69,0.47,8.11,2.76,25.79,28.89,74.84,1.33,262.99,95.45,743.4,0,32.46,0,2.08,0
19-08-2022 00:00,32.37,101.28,36.89,35.58,48.96,14,9.68,0.54,4.64,2.8,24.48,28.32,79.21,0.74,274.39,49.77,742.57,0,28.39,0.04,2.47,3.5
20-08-2022 00:00,32.19,95.08,28.26,30.08,39.02,13.68,8.72,0.39,4.53,2.23,17.99,28.35,73.06,1.53,275.68,95.23,741.95,0,31.37,0,2.04,0
21-08-2022 00:00,34.52,121.67,21.04,32.64,34.51,15.02,8.76,0.47,4.54,2.56,9.79,29.13,73.19,1.35,248.37,149.91,741.95,-0.03,33.32,0,1.64,0
22-08-2022 00:00,33.5,114.87,19.27,31.66,32.54,15.14,8.52,0.4,4.61,2.61,8.21,28.91,76.08,1.22,245.75,114.42,742.28,-0.02,32.21,0,1.71,0
23-08-2022 00:00,32.29,104.32,27.29,37.41,42.12,15.08,10.3,0.42,4.76,2.33,17.19,29.32,73.97,0.89,260.47,141.17,743.5,0.02,32.23,0.02,1.99,1.5
24-08-2022 00:00,26.29,81.91,27.44,35.06,40.99,18.45,7.33,0.43,7,2.21,11.91,28.6,79.02,0.76,240.66,92.32,745.19,0,28.25,0,2.53,0
25-08-2022 00:00,41.07,119.5,32.43,34.96,45,19.06,7.35,0.37,9.45,3.03,18.96,28.46,75.59,0.67,225.34,170.31,744.69,0.05,30.24,0,2.96,0
26-08-2022 00:00,35.77,107.67,14.11,34.26,29.73,18.33,7.5,0.47,9.63,2.31,15.16,29.01,74.23,0.69,223.94,140,743.81,0.02,31.18,0,1.93,0
27-08-2022 00:00,47.79,115.53,17.45,41.3,36.2,16.63,8.05,0.56,7.93,2.81,19.94,28.76,78.59,0.58,237.69,133.66,743.3,0.02,31.36,0.09,7.35,7.5
28-08-2022 00:00,39.16,160.13,33.64,40.85,48.81,20.27,6.61,0.43,13.51,2.69,14.54,28.42,77.91,0.53,227.74,108.52,743.79,0.01,30.34,0,25.05,0
29-08-2022 00:00,27.98,66.98,7.21,17.22,14.91,22.97,8.88,0.26,20.08,1.16,6.32,28.41,75.6,0.54,173.95,143.09,745.81,0.06,31.81,0,17.22,0
30-08-2022 00:00,21.89,62.31,20.13,21.64,27.92,23.85,6.77,0.27,16.41,1.44,8.72,28.73,75.71,0.64,212.57,158.71,746.6,0.06,31.6,0.01,43.2,1
31-08-2022 00:00,26.17,104.01,32.17,29.81,42.05,20.38,3.54,0.45,6.94,2.07,10.2,28.59,77.06,0.6,249.3,115.22,745.81,0,31.03,0,25.82,0
01-09-2022 00:00,13.18,44.37,16.95,17.89,23.34,21.81,6.38,0.22,14.54,1.33,8,28.78,74.91,0.74,232.9,173.31,746.1,0.05,31.61,0,44.53,0
02-09-2022 00:00,7.93,33.21,14.27,14.51,19.35,21.83,8.03,0.26,16.27,0.76,4,28.66,72.66,0.85,222.46,171.29,746.66,0.07,32.8,0,25.73,0
03-09-2022 00:00,15.33,56.9,32.2,32.33,43.42,13.62,6.07,0.48,4.8,2.19,16.93,28.71,73.33,1.01,270.34,165.85,745.61,0,32.16,0,42.79,0
04-09-2022 00:00,32.08,121,31.22,33.99,43.47,15.09,5.25,0.47,5.31,3.36,19.81,28.39,73.79,0.9,273.01,137.17,745.11,-0.01,31.43,0,18.02,0
05-09-2022 00:00,27.4,66.04,22.89,27.57,33.32,14.84,4.75,0.35,8.67,2.58,20.75,28.95,76.11,0.94,263.59,147.91,744.73,-0.01,32.38,0,49.63,0
06-09-2022 00:00,19.92,58.1,21.24,29.17,32.83,13.62,13.52,0.32,16.28,1.84,12.92,29.08,72.96,1.13,270.53,155.04,744.8,-0.02,31.57,0,6.82,0
07-09-2022 00:00,37.86,120.06,36.62,37.7,49.87,18,14.91,0.49,23.39,5.17,18.53,29.35,77.89,0.52,232.16,75.04,744.86,0.03,29.63,0,26.05,0
08-09-2022 00:00,11.03,28.95,16.73,23.03,25.89,15.55,17.46,0.3,15.08,1.57,9.85,28.55,82.7,0.67,191.39,59.16,744.28,0.02,27.77,0.27,0.62,24
09-09-2022 00:00,7.3,27.2,16.6,22.47,25.49,12.66,19.41,0.44,16.15,1.32,7.35,28.88,81.62,0.96,181.28,110.57,743.07,0.05,28.76,0.01,0.55,0.5
10-09-2022 00:00,18.14,43.06,36.02,29.49,45.01,13.57,17.06,0.42,15.05,2.53,22.34,28.54,84.66,0.63,277.49,47.54,741.8,0.02,27.02,0.02,1.1,2
11-09-2022 00:00,26.29,67.19,23.63,29.05,34.66,14.2,16.51,0.38,14.77,2.53,12.95,28.44,81.25,1.29,258.1,111.45,741.12,-0.01,28.45,0,0.68,0
12-09-2022 00:00,23.98,74.18,26.86,28.89,37.24,12.8,20.62,0.51,14.2,2.96,8.54,29.55,79.19,1.31,259.31,60.46,742.55,-0.03,29.14,0.04,0.78,3.5
13-09-2022 00:00,29.63,88.76,24.95,32.13,37.41,15.67,15.57,0.51,13.93,3.04,9.31,28.31,80.56,1.17,249.73,49.56,745.2,-0.03,28.71,0.06,0.97,5
14-09-2022 00:00,35.93,96.77,44.44,42.2,58.61,16.84,14.67,0.78,15.06,4.29,24.1,28.3,84.45,0.39,265.55,28.9,747.03,-0.01,27.13,0.01,1.93,0.5
15-09-2022 00:00,38,101.54,25.67,31.55,37.7,14.5,12.33,0.41,14.4,3.16,13.66,28.22,78.45,1.08,265.24,116.53,746.68,0,29.86,0,1.28,0
16-09-2022 00:00,34.79,103.79,22.07,32.06,35.04,14.81,13.36,0.52,14.65,3.94,12.33,28.74,75.7,1.39,272.85,139.95,744.7,-0.02,31.73,0,1.04,0
17-09-2022 00:00,36.41,117.18,22.01,32.62,35.29,15.16,14.75,0.49,13.99,3.46,13.11,28.88,74,1.25,269.05,150.47,744.16,-0.02,32.66,0,0.92,0
18-09-2022 00:00,31.1,76.51,21.35,35.16,36.1,14.67,11.99,0.31,14.94,2.09,20.77,29.48,74.99,0.85,269.29,49.46,744.1,0.01,30.05,0.02,1.23,2
19-09-2022 00:00,34.68,78.1,42.44,40.81,56.25,20.1,10.81,0.45,15.7,3.09,15.62,28.36,85.5,0.42,272.75,41.25,743.96,0,25.91,0.08,1.63,7
20-09-2022 00:00,34.55,81.89,28.55,36.8,42.82,14.61,14.3,0.58,14.33,2.67,20.76,28.2,81.34,0.51,277.48,76.79,743.26,0,27.52,0.08,1.47,7
21-09-2022 00:00,43.77,110.56,19.11,33.42,33.36,15.2,11.15,0.52,14.79,2.59,19.33,28.54,76.43,0.95,269.67,135.72,743.58,0,30.77,0,1.16,0
22-09-2022 00:00,49.24,109.81,34.82,45.69,52.66,17.68,16.27,0.83,17.75,3.2,16.56,28.39,82.2,0.77,275.5,77.5,744.52,-0.01,28.89,0.1,1.58,9
23-09-2022 00:00,47.73,114.57,37.08,43.3,53.21,21.69,13.05,0.56,23.25,3.42,19.29,28.53,78.37,0.52,240.87,116.1,745.07,0.02,29.53,0,2.48,0
24-09-2022 00:00,43.9,141.05,41.96,50.81,61.19,22.29,9.97,0.49,23.74,3.02,16.04,28.59,76.23,0.63,229.48,140.3,745.22,0.04,29.53,0,2.46,0
25-09-2022 00:00,42.19,138.64,34.01,44.25,51.23,21.03,13.42,0.52,26.78,2.65,13.98,28.68,74.96,0.64,245.02,140.47,745.42,0.05,30.35,0,1.73,0
26-09-2022 00:00,31.52,102.95,23.56,31.18,35.78,23.13,12.15,0.38,22.41,1.77,8.88,28.89,75,1.05,214.77,157.62,745.94,0.07,30.87,0.18,1.04,15
27-09-2022 00:00,35.74,103.76,28.92,34.22,41.76,20.95,15.34,0.43,20.47,1.84,9.53,28.79,76.17,0.65,238.06,150.48,745.08,0.06,30.78,0,1.06,0
28-09-2022 00:00,27.76,89.86,29.07,29.81,39.54,21.92,11.89,0.42,21.27,1.78,8.55,28.79,74.82,0.82,242.94,144.63,744.35,0.05,31.37,0,1.24,0
29-09-2022 00:00,31.52,117.02,28.49,30,39.16,21.7,13.6,0.47,21.93,2.13,8.73,28.67,77.17,0.65,182.23,127.07,743.94,0.06,30.69,0,1.09,0
30-09-2022 00:00,15.22,39.57,14.69,21.19,23.26,17.38,15.27,0.39,21.38,1.28,6.32,28.51,75.4,0.89,182.03,99.3,743.83,0.05,30.67,0,0.68,0
01-10-2022 00:00,27.98,69.35,33.85,40.66,49.18,15.1,21.01,0.8,20.2,1.89,9.17,29.79,78.06,0.82,267.77,23.4,742.96,0.04,28.65,0.05,1.07,4
02-10-2022 00:00,39.05,98.91,32.32,36.73,45.86,19.65,11.17,0.39,22.93,1.63,7.11,28.59,79.31,0.42,253.12,89.29,742.77,0.01,28.49,0.19,0.85,16
03-10-2022 00:00,59.64,132.81,30.04,51.96,52.11,20.97,19.42,0.99,25.54,1.11,6.47,29.18,78.35,0.42,218.04,69.2,742.64,0.02,29.36,0.01,0.88,1
04-10-2022 00:00,38.11,83.17,28.44,36.89,42.74,17.32,24.38,0.44,18.51,3.61,8.72,28.65,83.24,0.57,256.75,29.1,743.15,0.02,27.41,0.05,0.97,4.5
05-10-2022 00:00,15.7,34.23,9.06,16.05,15.95,18.68,26.67,0.28,20.98,1.01,4.78,28.79,81.6,1.07,192.12,114.38,744.53,0.08,28.96,0.1,0.39,9
06-10-2022 00:00,14.63,39.87,8.53,17.88,16.49,22.88,27.46,0.54,28.13,1.1,4.86,28.68,81.87,1.22,184,121.4,745.39,0.11,28.34,0.93,0.43,84
07-10-2022 00:00,15.13,33.91,20.08,21.1,27.47,23.48,26.83,0.64,22.71,1.52,8.05,28.51,81.03,0.66,201.8,99.81,746.44,0.05,28.57,0.06,0.8,5
08-10-2022 00:00,13.33,37.84,26.32,28.39,36.51,18.78,26.17,0.35,19.14,1.75,10.12,28.59,84.09,0.47,233.86,61.67,747.1,0,26.89,0.29,0.89,25.5
09-10-2022 00:00,11.63,25.24,15.8,24.75,26.05,15.52,27.75,0.54,18.37,1.22,6.14,28.75,84.7,0.48,203.33,52.84,747.52,0.01,26.69,0.09,0.47,8
10-10-2022 00:00,20.96,48.82,46.16,42.76,60.31,19.86,27.75,0.87,21.84,2.65,13.83,28.77,85.82,0.3,237.46,48.81,748.76,0.01,26.8,0.01,1.51,1
11-10-2022 00:00,30.26,80.02,61.61,40.61,71.69,23.56,20.49,0.65,26.34,2.41,11.78,29.08,82.24,0.42,232.56,105.9,748.48,0.02,28.23,0,1.35,0
12-10-2022 00:00,35.5,139,78.63,44.79,79.05,24.06,26.75,0.76,21.77,3.84,17.15,28.34,86.1,0.3,242.11,7,748.46,0,25.86,0,2.43,0
13-10-2022 00:00,28.63,59.39,28.18,30.56,38.92,22.55,26.77,0.32,26.79,2.49,15.75,28.59,74.24,0.6,218.31,147.98,747.6,0.04,31.06,0,1.49,0
14-10-2022 00:00,14.2,37.45,16.07,20.99,24.28,17.73,27.74,0.35,18.67,1.76,9.48,28.8,81.37,0.59,217.24,59.47,747.13,0.02,28.17,0.23,0.79,20
15-10-2022 00:00,14.25,75.38,25.47,26.05,34.6,16.56,27.31,0.33,18,2.09,12.23,28.69,85.68,0.67,225.33,42.91,747.17,0,26.12,0.74,0.97,65.5
16-10-2022 00:00,8.59,28.41,13.45,17.83,20.47,19,23.11,0.31,18.55,1.19,7.16,28.19,77.4,0.97,205.3,150.16,748.93,0.01,29.9,0,0.54,0
17-10-2022 00:00,31.55,60,13.64,26.2,25.06,19.68,22.67,0.32,26.58,2,10.22,29.59,75.38,0.65,238.02,105.42,749.08,0,30.44,0,1.42,0
18-10-2022 00:00,55.51,137.48,21.56,34.91,36.14,20.76,21.18,0.3,31.7,2.56,14.29,28.92,73.97,0.98,203.87,139.14,748.36,0,30.87,0,1.86,0
19-10-2022 00:00,54.22,98.09,6.3,17.58,14.53,20.23,21.35,0.36,33.34,1.69,6.85,29.03,73.28,1.25,199.1,134.43,748.2,0,30.93,0,0.94,0
20-10-2022 00:00,55.7,101.14,5.93,19.29,15.14,17.31,15.95,0.31,35.71,1.99,6.91,29.61,70.27,1.86,170.06,169.95,749.16,0,32.48,0,0.63,0
21-10-2022 00:00,56.38,107.98,7.36,25.39,19.53,14.47,22.11,0.61,20.89,1.97,6.64,30.78,68.61,1.86,196.41,115.39,749.4,0.01,31.01,0,0.75,0
22-10-2022 00:00,52.92,118.38,9.69,36.86,27.53,15.1,23.61,0.58,16.8,2.78,10.18,29.02,57.66,1.62,257.31,150.12,749.58,0.04,31.6,0,0.94,0
23-10-2022 00:00,39.52,96.01,6.75,33.04,23.1,13.68,21.62,0.53,16.4,2.01,5.75,29.07,56.16,2.5,285.99,126.28,747.35,0.04,31.14,0,0.53,0
24-10-2022 00:00,107.93,183.29,13.66,41.76,33.37,17.2,18.58,0.41,19.23,2.55,7.69,28.94,63.53,0.61,243.52,130.44,745.71,0.01,29.99,0,0.87,0
25-10-2022 00:00,89.54,180.21,16.47,39.17,34.27,20.33,20.58,0.58,32.65,2.67,14.5,28.74,67.32,0.54,209.66,131.24,747.78,0,30.26,0,0.87,0
26-10-2022 00:00,69.99,196.06,18.61,43.75,38.26,19.2,14.44,0.27,33.32,2.96,14.84,28.61,70.02,0.7,199.47,140.2,749.74,0.02,29.67,0,2.08,0
27-10-2022 00:00,49.49,105.51,9.53,27.96,22.58,20.31,20.91,0.34,30.6,1.78,8.46,28.59,69.52,0.88,213.86,140.38,749.68,0.01,29.16,0,1.05,0
28-10-2022 00:00,58.4,130.05,11.93,35.13,28.3,20.61,19.2,0.44,29.4,2.38,9.15,28.24,67.31,0.86,208.81,128.88,749.33,0.07,28.93,0,1.13,0
29-10-2022 00:00,64.07,123.18,6.35,31.4,21.92,17.18,21.51,0.51,22.8,1.84,5.7,28.45,55.72,0.95,227.51,182.78,749.48,0.06,30.1,0,0.48,0
30-10-2022 00:00,64.72,129.94,7.13,30.25,21.93,18.43,22.6,0.5,27.09,2.06,6.92,28.27,61.27,0.75,222.79,112.42,749.28,0.02,28.03,0,0.49,0
31-10-2022 00:00,58.38,123.22,6.56,30.66,21.68,17.12,21.77,0.4,21.48,2.17,7.15,28.16,64.83,0.73,212.32,95.56,749.38,0,28.03,0,0.55,0
01-11-2022 00:00,47.34,96.55,6.34,26.51,19.3,18.11,21.51,0.48,27.68,2.17,7.96,28.22,70.9,0.79,201.19,110.54,749.93,0.02,29.05,0,0.57,0
02-11-2022 00:00,51.02,100.92,6.63,24.3,18.36,18.8,22.05,0.32,33.65,2.19,6.65,28.96,69.91,0.72,194.23,120.98,748.95,0,29.78,0,0.51,0
03-11-2022 00:00,48.14,84.89,6.1,21.7,16.54,18.52,24.96,0.7,28.55,2,6.87,28.45,76.41,0.6,200.23,75.05,749.11,0.05,28.92,0.01,0.65,0.5
04-11-2022 00:00,66.61,116.18,5.82,20.63,15.62,20.83,25.25,0.42,35.47,2.23,6.73,28.45,76.58,0.79,180.3,108.72,750.3,0.07,28.75,0,0.64,0
05-11-2022 00:00,60.71,131.86,6.32,26.95,19.45,20.38,27.25,0.55,37.29,1.94,6.97,28.28,66.82,0.68,206.16,125.91,751.36,0.08,29.05,0,1.41,0
06-11-2022 00:00,84.4,213.63,20.82,52.59,44.54,17.89,28.55,0.39,39.22,3.45,30.27,29.09,67.33,0.64,225.02,127.3,751.31,0.08,27.85,0,2.89,0
07-11-2022 00:00,92.21,200.74,15.11,44.27,35.87,19.24,28.44,0.44,36.9,3.11,12.46,28.18,72.22,0.53,217.99,121.38,750.92,0.07,27.02,0,1.75,0
08-11-2022 00:00,77.55,189.88,15.09,42.71,35.03,17.7,28.77,0.5,28.61,2.58,11.95,28.12,71.71,0.64,220.25,121.45,750.91,0.06,27.25,0,2.25,0
09-11-2022 00:00,55.78,119.68,7.74,27.63,20.99,17.06,28.78,0.14,24.1,1.73,7.03,28.85,68.91,0.69,227.27,88.26,750.66,0.07,27.27,0,0.76,0
10-11-2022 00:00,64.48,131.69,5.84,27.04,19.12,16.32,27.71,0.46,27.3,1.9,5.86,28.38,65.34,0.76,208.6,110,750.68,0.09,28.35,0,0.46,0
11-11-2022 00:00,50.59,109.51,5.86,25.21,18.22,15.83,26.9,0.3,30.71,1.76,4.39,27.94,63.17,1.03,191.85,111.02,750.69,0.1,28.73,0,0.31,0
12-11-2022 00:00,60.38,125.83,5.78,23.59,17.19,16.8,21.51,1.03,37.93,1.89,4.41,27.98,65.04,0.9,184.89,86.4,750.89,0.09,28.35,0,0.33,0
13-11-2022 00:00,72.53,134.05,6.39,28.01,20.14,17.9,19.94,0.41,32.89,1.99,4.13,28.08,63.7,0.74,217.33,114.47,750.78,0.07,28.02,0,0.3,0
14-11-2022 00:00,75.77,141.6,8.57,37.19,26.8,17.83,18.22,0.46,31.99,2.12,6.54,27.84,62.62,0.6,224.14,121.61,751.17,0.07,27.08,0,0.67,0
15-11-2022 00:00,101.06,247.29,36.01,73.77,68.57,20.15,19.97,0.62,31.24,4.15,14.94,27.97,65.63,0.49,225.83,126.22,750.97,0.05,25.7,0,2.41,0
16-11-2022 00:00,94.64,232.24,30.18,59.7,56.34,21.7,19.24,0.61,28.2,4.38,17.6,27.94,64.14,0.7,237.75,130.58,749.76,0.04,25.45,0,2,0
17-11-2022 00:00,84.16,197.34,17.58,56.49,44.33,20.93,13.77,0.54,29.94,3.59,12.74,27.91,63.95,0.64,225.03,125.4,749.26,0.08,26.09,0,1.96,0
18-11-2022 00:00,55.41,139.07,7.33,35.57,24.93,16.81,20.97,0.66,21.9,1.97,5.71,27.94,59.18,0.8,238.31,110,749.98,0.05,27.05,0,0.59,0
19-11-2022 00:00,54.23,131.91,5.81,35.23,23.5,15.89,22.73,0.52,28.67,1.89,7.01,27.8,58.14,0.83,215.33,128.68,749.67,0.07,26.31,0,1.19,0
20-11-2022 00:00,50.09,111.22,7.32,35.13,24.68,15.52,19.73,0.43,18.88,1.75,5.49,27.74,57.35,0.64,218.09,59.5,748.58,0.03,25.36,0,0.42,0
21-11-2022 00:00,50.16,102.67,8.32,38.42,27.26,14.57,23.5,0.63,17.02,2.36,7.79,27.6,60.98,0.94,210.19,48.66,748.31,0.02,26.38,0,0.5,0
22-11-2022 00:00,61.68,114.26,7.17,33.45,23.69,14.49,25.16,0.54,18.74,2.31,7.84,27.69,74.56,0.7,182.56,66.01,748.83,0.06,26.91,0,0.56,0
23-11-2022 00:00,44.09,84.01,6.33,23.13,17.5,20.32,24.81,0.41,28.95,1.85,5.38,27.69,78.16,0.62,185.13,117.26,749.52,0.07,27.72,0,0.51,0
24-11-2022 00:00,30.91,70.48,8.83,21.1,18.46,26.13,26.15,0.27,29.89,1.64,5.53,27.53,79.76,0.35,175.85,68.88,749.65,0.05,27.51,0,0.48,0
25-11-2022 00:00,86.54,164.99,23.94,59.24,51.03,20.49,26.25,1.21,17.98,3.64,14.03,27.63,82.28,0.33,225.76,20.99,750.29,0.01,24.48,0.27,1.37,24
26-11-2022 00:00,100.95,209.91,34.23,75.55,68.01,12.88,18.57,0.78,37.37,4.15,18.35,27.5,73.11,0.47,218.17,100.02,749.33,0.06,25.22,0,2.25,0
27-11-2022 00:00,99.6,245.54,48.42,86.48,84.34,12.82,20.49,1.55,28.33,4.08,16.83,28.73,69.6,0.46,247.41,113.34,747.97,0.06,24.18,0,2.2,0
28-11-2022 00:00,96.75,239.49,55.68,70.76,82.43,21.86,20.9,1.02,32.7,4.27,18.26,27.44,66.28,0.48,249.31,118.78,748.87,0.06,23.7,0,2.44,0
29-11-2022 00:00,103.54,232.63,35.48,56.11,58.76,22.02,23.84,0.95,25.48,4.21,15.85,27.48,67.15,0.43,229.6,115.3,749.55,0.04,24.6,0,2.69,0
30-11-2022 00:00,105.56,244.1,23.94,56.78,49.74,17.37,22.76,1.02,21.63,4.42,13.28,27.62,70.8,0.63,227.77,106.15,750.02,0.05,26.3,0,1.64,0
01-12-2022 00:00,65.03,120.92,6.74,33.16,23.09,16.17,25.9,0.68,27.13,2.67,7.32,27.97,72.7,0.68,211.41,116.52,749.87,0.07,27.45,0,0.67,0
02-12-2022 00:00,64.41,121.69,6.21,31.52,21.86,17.42,29.5,0.41,25.05,2.54,6.78,29.06,78.98,0.49,209.22,73.86,749.52,0.05,26.96,0,0.68,0
03-12-2022 00:00,86.15,146.35,5.08,28.01,19.08,20.06,28.68,0.73,28.52,2.72,7.15,27.81,79.31,0.5,199.3,96.49,749.94,0.05,27.05,0,0.68,0
04-12-2022 00:00,107.31,176.94,4.35,23.31,15.74,25.6,28.22,0.57,44.42,2.78,8.12,27.75,76.32,0.55,189.79,97.39,750.34,0.08,26.88,0,0.5,0
05-12-2022 00:00,129.17,207.48,5.5,31.06,20.97,26.29,27.19,0.99,29.99,2.66,7.3,27.84,73.82,0.59,213.59,100.86,750.68,0.06,26.06,0,0.47,0
06-12-2022 00:00,131.45,224.1,7.61,39.87,27.29,25.25,26.61,0.93,21.16,3.11,10.58,27.89,71,0.44,246.05,88.67,750.14,0.05,24.09,0,0.75,0
07-12-2022 00:00,92,168.73,4.97,35.73,23.09,20.54,27.26,0.66,18.56,2.52,7.73,27.97,62.83,0.59,219.62,91.18,749.27,0.06,24.32,0,0.61,0
08-12-2022 00:00,83.44,161.87,3.93,33.33,20.93,20.25,28.36,0.78,25.3,2.14,4.73,28.22,59.21,0.92,207.1,99.61,748.82,0.1,24.3,0,0.29,0
09-12-2022 00:00,81.69,152.47,4.17,37.92,23.57,19.56,24.47,0.79,19.38,2.68,10.21,28.21,63.52,0.89,207.92,32.3,748.44,0.03,21.45,0.1,0.48,9
10-12-2022 00:00,72.59,111.26,4.84,33.01,21.54,8.3,25.7,0.89,18.79,2.33,5.79,30.09,80.05,0.98,179.23,50.38,748.28,0.06,22.2,0.05,0.42,4
11-12-2022 00:00,77.29,100.65,5.43,31.68,21.31,4.96,27.53,0.6,18.14,2.26,6.49,28.05,81.57,1.02,173.47,45.5,749.68,0.02,23.37,0.03,0.32,3
12-12-2022 00:00,57.69,125.84,11.98,27.81,24.61,41.93,24.97,1.39,19.58,2.95,10.26,28.14,81.86,0.42,181.92,95.96,750.02,0.03,26.71,0,1.02,0
13-12-2022 00:00,48.02,96.06,19.27,35.89,33.2,23.73,21.66,0.52,32.78,2.43,10.21,28.12,74.53,0.57,173.27,168.32,750.14,0.08,28.2,0,1.47,0
14-12-2022 00:00,78.42,164.62,41.51,47.91,54.88,23.66,32.66,0.99,23,3.64,13.1,28.04,73.47,0.45,244.67,152.47,750.73,0.05,27.59,0,1.49,0
15-12-2022 00:00,73.21,218.31,57.12,57.19,76.36,21.02,22.89,0.75,20.04,4.17,17.11,28.07,69.95,0.4,257.1,109.21,749.85,0.04,25.83,0,2.06,0
16-12-2022 00:00,77.96,237.78,40.23,41.81,54.58,23.95,26,0.76,29.43,4.16,15.12,28.08,80,0.49,223.89,102.29,749.19,0.06,25.81,0,1.68,0
17-12-2022 00:00,76.95,142.31,5.13,21.96,15.56,24.41,25.4,0.54,35,2.2,8.25,27.42,78.2,0.58,180.25,88.43,750.01,0.06,25.84,0,0.44,0
18-12-2022 00:00,78.62,159.64,7.34,29.74,21.67,23.24,27.05,0.69,33.1,2.17,6.8,27.59,72.38,0.67,203.86,109.38,750.29,0.07,24.1,0,0.35,0
19-12-2022 00:00,85.21,211.38,12.84,41.38,32.49,23.25,25.7,0.76,27.79,3.06,9.09,27.39,68.54,0.64,235.26,111.19,749.64,0.07,23.08,0,1.18,0
20-12-2022 00:00,99.69,206.92,19.99,37.18,36.04,24.54,25.53,0.84,28.8,3.61,12.14,27.48,73.41,0.6,233.8,113.06,749.37,0.07,23.24,0,1.11,0
21-12-2022 00:00,117,228.63,25.49,38.28,40.84,26.96,25.41,0.91,19.63,3.71,11.37,27.63,78.64,0.47,239.92,86.33,749.55,0.04,22.81,0,1.15,0
22-12-2022 00:00,109.65,195.25,6.14,34.28,23.18,30.95,28.91,0.83,26.82,2.6,7.18,27.51,70.39,0.71,220.72,88.64,749.61,0.06,24.07,0,0.47,0
23-12-2022 00:00,118.12,207.93,6.58,33.55,23.27,31.44,31.14,0.81,24.51,2.91,7.38,29.12,64.06,1.12,221.48,91.04,749.18,0.07,24.05,0,0.6,0
24-12-2022 00:00,84.56,152.57,6.08,33.62,22.89,27.1,24.39,0.64,16.11,2.68,6.78,27.61,66.51,0.63,198.58,114.35,750.23,0.02,24.98,0,0.44,0
25-12-2022 00:00,38.15,79.87,17.89,39.51,35.56,26.44,11.39,0.48,14.41,1.58,6.45,34.99,72.21,0.49,219.27,114.12,749.24,0.03,25.57,0,0.69,0
26-12-2022 00:00,40.58,113.14,15.75,29.95,28.37,26.78,9.26,0.47,16.31,2.01,8.09,27.5,77.74,0.51,209.49,107.51,751.48,0.07,25.87,0,0.69,0
27-12-2022 00:00,42.42,146.45,45.23,36.44,55.72,27.13,9.29,0.57,15.24,2.92,12.58,27.41,80.62,0.44,261.08,111.31,751.69,0.03,26.58,0,1.51,0
28-12-2022 00:00,31.38,94.16,26.49,32.69,38.93,26.92,9.25,0.6,14.15,3.29,23.27,27.41,79.03,0.5,276.3,111.85,751.7,0,26.91,0,0.8,0
29-12-2022 00:00,34.43,79.6,15.71,28.19,27.76,28.22,9.19,0.4,15.93,1.95,14.9,27.22,82.17,0.44,235.81,101.14,752.66,0.04,26.35,0,0.54,0
30-12-2022 00:00,102.31,156.65,6.01,24.09,17.63,32.97,9.18,0.57,16.53,2.69,7.57,26.94,80.19,0.53,189.72,101.29,753.49,0.08,25.99,0,0.41,0
31-12-2022 00:00,60.49,149.12,27.96,36.36,41.78,29.97,9.24,0.56,14.74,2.9,10.3,27.12,80.61,0.4,248.22,91.96,752.54,0.04,25.65,0,0.88,0
01-01-2023 00:00,66.33,122.69,18.54,29.43,30.72,30.18,9.25,0.42,15.18,2.47,9.78,27.11,78.98,0.49,235.1,91.51,752.55,0.08,26.28,0,0.76,0
02-01-2023 00:00,47.02,83.71,8.59,29.28,22.56,29.48,9.31,0.37,14.76,1.7,6.02,27.54,75.86,0.36,197.41,52.1,753.06,0.05,25.51,0,0.45,0
03-01-2023 00:00,52.02,119.79,22.26,35.29,36.86,29.01,9.34,0.45,15.99,2.46,10.58,27.34,76.01,0.45,196.71,105.28,753.22,0.07,24.92,0,1.01,0
04-01-2023 00:00,81.74,131.67,5.71,28.64,19.92,31.6,9.32,0.64,17.18,2.22,7.01,27.1,77.58,0.81,175.89,75.1,752.82,0.08,24.55,0.04,0.36,3
05-01-2023 00:00,114.81,187.81,4.69,25,17.11,35.92,9.38,1.17,19.91,3,3.92,27.35,73.79,1.37,164.33,85.46,753.57,0.12,24.28,0,0.26,0
06-01-2023 00:00,132.2,219.31,6.03,30.57,21.22,34.22,8.92,1.76,20.93,3.63,5.15,27.93,70.9,0.59,203.93,95.08,753.8,0.05,23.06,0,0.28,0
07-01-2023 00:00,96.77,213.96,24.49,40.34,41.46,32.73,7.06,1.17,25.15,4.18,12.96,29.5,62.83,0.67,203.11,129,752.33,0.09,23.31,0,1.1,0
08-01-2023 00:00,77.04,223.27,50.33,44.13,64.43,25.45,2.78,1.36,18.35,5.06,31.38,28.67,60.95,0.5,238.6,122.48,752.44,0.03,21.08,0,2.13,0
09-01-2023 00:00,76.45,208.66,43.38,44.36,58.91,27.32,5.56,1.19,20.75,4.54,20.53,28.87,63.58,0.47,212.79,124.37,752.8,0.05,21.19,0,1.82,0
10-01-2023 00:00,87.62,236.08,60.75,50.8,76.45,26.95,4.36,1.4,19.15,5.62,27.83,27.37,67.72,0.49,207.41,117.16,752.37,0.04,21.54,0,2.18,0
11-01-2023 00:00,103.98,271.26,65.74,54.21,82.32,30.7,4.31,1.01,15.94,5.96,26.37,28.11,73.81,0.4,235.08,122.26,750.7,0.01,21.82,0,2.65,0
12-01-2023 00:00,105.46,229.02,52.48,49.95,69.3,30.67,4.02,0.7,14.2,5.99,41.56,28.17,79.32,0.53,264.46,117.32,750.23,-0.05,22.42,0,2.59,0
13-01-2023 00:00,83.62,179.52,42.32,49,60.51,36.99,8.16,1.12,14.98,4.93,30.12,31.78,80.32,0.59,259.69,106.55,750.03,-0.05,23.3,0,1.63,0
14-01-2023 00:00,104.83,179.65,24.78,39.29,41.09,33.74,1.89,0.93,13.69,4.43,32.58,28.06,80.43,0.65,264.79,108.07,749.99,-0.06,23.11,0,0.92,0
15-01-2023 00:00,59.71,123.59,22.17,36.84,37.66,29.27,2.08,1.1,13.76,3.06,22.69,28.19,80.73,0.51,277.44,109.91,749.64,-0.02,23.43,0,0.74,0
16-01-2023 00:00,55.59,110.92,19.5,35.22,34.63,28.29,3.59,0.62,13.41,2.61,14.8,27.93,76.58,0.89,269.92,109.42,750.18,-0.04,23.64,0,0.51,0
17-01-2023 00:00,67.4,130.21,21.89,37.47,37.78,29.16,2.28,1,12.93,3.02,16.16,27.93,77.79,0.59,284.82,108.78,750.77,-0.02,24.02,0,0.64,0
18-01-2023 00:00,71.68,134.27,21.02,37,36.83,29.11,2.57,0.95,13.77,2.55,13.9,28.05,75.19,0.57,266.68,109.96,751.92,-0.01,24.23,0,0.68,0
19-01-2023 00:00,75.59,153.75,27.59,38.18,42.78,29.93,2.6,0.65,13.64,3.1,18.2,28.09,72.8,0.54,260.2,108.34,751.87,0,24.48,0,0.91,0
20-01-2023 00:00,86.76,205.42,55.87,39.13,66.28,31.19,3.33,0.56,15.17,4.86,15.37,27.81,74.58,0.42,191.1,95.19,751.78,0.05,24.73,0,1.92,0
21-01-2023 00:00,93.24,158.53,11.22,31.94,26.15,32.85,4.19,0.5,17.25,2.47,6.07,28,77.39,0.45,219.94,104.99,751.21,0.06,24.89,0,0.52,0
22-01-2023 00:00,109.17,189.57,12.52,33.77,28.18,33.51,4.76,0.62,18.81,2.87,6.12,28.96,74.8,0.54,203.94,99.2,750.68,0.06,24.63,0,0.54,0
23-01-2023 00:00,78.74,152.91,15,36.43,31.45,30.72,3.12,0.33,16.83,2.68,7.58,30.58,69.44,0.49,218.91,125.79,750.26,0.03,24.33,0,0.97,0
24-01-2023 00:00,103.42,255.81,65.43,52.3,81.06,28.53,9.42,0.89,14.83,5.16,31.3,29.85,66.74,0.36,228.5,124.46,750.6,0.02,23.83,0,2.61,0
25-01-2023 00:00,134.87,297.96,71.38,57.21,87.73,26.12,3.55,1.44,14.39,6.13,48.18,25.91,59.92,0.36,224.37,117,750.58,0.03,24.4,0,3.51,0
26-01-2023 00:00,122.55,291.09,52.67,49.6,69.24,27.46,3.52,0.9,17.31,6.22,30.1,25.91,63.71,0.43,210.33,123,750.6,0.06,23.78,0,3.82,0
27-01-2023 00:00,90.52,278.03,66.42,55.87,83.76,24.88,3.29,1.54,15.35,5.63,28.21,26.33,61.87,0.35,214.37,122.67,750.48,0.04,24.84,0,2.63,0
28-01-2023 00:00,151.57,326.02,54.58,47.27,69.04,31.02,4.17,1.02,18.07,5.09,27.26,26.22,65.85,0.44,175.61,113.5,749.74,0.05,25.16,0,3.17,0
29-01-2023 00:00,87.57,155.6,7.14,32.08,22.84,30.93,7.97,0.76,19.53,2.12,5.23,26.13,75.34,0.6,220.08,104.43,749.57,0.06,25.67,0,0.36,0
30-01-2023 00:00,75.84,144.9,6.36,30.92,21.55,30.95,8.23,0.5,20.86,2.32,5.58,27.72,76.61,0.57,213.88,104.58,750.8,0.03,25.27,0,1.07,0
31-01-2023 00:00,81.6,158.86,7.69,31.86,23.27,34.91,7.48,0.91,19.3,2.38,5.85,28.72,71.38,0.94,225.33,84.42,750.11,0.04,25.61,0.01,0.42,0.5
01-02-2023 00:00,76.33,143.15,7.8,31.73,23.22,26.59,3.65,0.74,14.1,2.35,6.14,28.3,67.52,2.32,230.63,82.22,750.12,0.02,26.11,0,0.72,0
02-02-2023 00:00,75.76,217.74,18.24,35.29,33.46,28.18,9.77,0.56,14.29,2.86,9.15,27.94,68.83,2.09,217.55,90.95,750.52,0.02,25.24,0,0.87,0
03-02-2023 00:00,79.86,145.29,7.35,31.99,23.02,27.2,5.44,0.66,14.3,2.16,6.33,28,69.93,2.15,223.44,114.32,750.7,0.05,24.52,0,1,0
04-02-2023 00:00,89.93,235.45,37.97,45.41,55.06,26.21,8.56,1.15,14.04,3.6,13.52,28.21,66.76,1.38,204.58,142.3,749.94,0.05,24.25,0,1.71,0
05-02-2023 00:00,130.17,369.34,118.16,63.8,130,24.67,8.13,1.5,13.77,12.09,44.85,27.98,72,0.79,254,46,749.69,-0.03,19.33,0,4.61,0
06-02-2023 00:00,None,None,None,None,None,None,None,None,None,None,None,None,None,None,None,None,None,None,None,None,None,0
07-02-2023 00:00,52.6,154.07,30.98,31.22,39.93,19.69,5.77,1.32,15,3.46,10.85,28.15,77.56,1.48,284.94,7,749.89,-0.01,23.73,0,0.98,0
08-02-2023 00:00,57.74,147.25,29.47,31.34,40.67,26.98,5.84,1.07,13.99,3.65,21.75,28.44,79.72,1.96,256.94,110.92,749.43,0.01,24.73,0,0.8,0
09-02-2023 00:00,58.42,158.69,31.52,33.32,43.36,27.35,5.22,1.13,14.05,3.15,21.98,28.23,77.27,1.92,255.27,110.57,749.59,0.01,25.48,0,1,0
10-02-2023 00:00,49.1,133.24,32.69,33.67,44.54,28.49,9.88,1.1,14.05,3.39,27.96,28.63,73.82,1.92,244.66,117.84,749.94,0.02,25.7,0,0.85,0
11-02-2023 00:00,57.55,152.32,36.67,35.36,48.67,27.84,8.38,1.43,14.05,3.03,18.26,28.05,79.31,2.03,254.27,122.55,749.77,0.01,25.93,0,1.22,0
12-02-2023 00:00,79.57,165.22,22.45,32.46,35.56,29.36,7.3,1.37,14.07,2.79,9.38,28.37,81.54,2.3,239.66,118.11,749.93,-0.01,26.43,0,0.53,0
13-02-2023 00:00,63.05,189.93,29.68,32.6,41.51,25.12,7.04,1.17,14.02,2.68,12.59,27.92,68.43,1.79,197.36,118.05,750.38,0.09,26.48,0,0.72,0
14-02-2023 00:00,87.78,300.72,44.3,43.22,59.05,16.6,8.04,1.16,14.18,4.94,16.38,27.95,70.36,1.68,249.41,117.96,749.94,0.03,25.34,0,1.79,0
15-02-2023 00:00,96.16,280.77,37.72,39.7,51.82,16.08,6.67,1.7,14.14,4.64,19.37,28.07,74.78,1.81,255.87,115.13,748.93,0.04,25.39,0,1.53,0
16-02-2023 00:00,64.83,163.99,22.83,32.49,35.88,14.42,7.35,0.74,14.14,2.95,16.26,27.9,76.88,2.32,265.1,120.33,749.16,0,25.55,0,0.8,0
17-02-2023 00:00,62.42,164.1,25.55,32.98,38.36,14.71,6.6,1.05,14.04,2.49,14.7,27.97,74.91,2.17,278.19,107.18,750.02,0,25.89,0,0.68,0
18-02-2023 00:00,40.42,115.71,17.82,27.3,29.05,13.43,3.77,0.73,14.09,1.4,4.75,27.86,73.52,2.3,256.54,94.12,750.3,0,26.11,0,0.43,0
19-02-2023 00:00,37.34,118.08,29.1,30.11,39.71,13.38,6.22,1.14,14.15,2.11,9.73,27.84,74.57,1.87,259.48,95.82,750.3,0.01,26.17,0,0.68,0
20-02-2023 00:00,34.85,107.52,32.1,31.2,42.74,12.02,5.06,0.81,14.12,2.4,13.56,28.04,77.11,2.07,258.94,112.82,749.88,0.02,26.61,0,0.61,0
21-02-2023 00:00,41.4,104.93,27.31,31,38.73,12.85,5.5,0.82,14.19,2.37,16.91,28.03,79,2.32,240.55,119.82,749.86,0.02,26.76,0,0.53,0
22-02-2023 00:00,55.93,137.2,28.21,34.43,41.25,13.61,6.18,1.58,14.09,3.65,27.67,28.06,77.05,2.29,250.88,112.02,749.57,0.01,26.9,0,0.97,0
23-02-2023 00:00,71.16,158.23,25.84,34.72,39.52,13,4.81,0.84,13.99,2.41,9.29,28.1,75.5,2.49,278.17,125.18,749.77,-0.01,27,0,0.68,0
24-02-2023 00:00,60.29,136.48,22.09,32.26,35.12,12.64,5.54,0.81,13.94,2.11,7.91,27.76,76.7,2.51,276.05,113.56,750.47,0,26.51,0,0.47,0
25-02-2023 00:00,54.95,125.62,25.44,31.84,37.67,14.9,6.33,0.46,14.1,2.23,13.09,27.97,78.56,1.95,276.31,129.79,751.68,0.04,27.11,0,0.52,0
26-02-2023 00:00,59.91,166.98,46.38,36.67,57.26,14.02,7.65,0.8,14.16,3.33,8.41,27.97,79.51,1.55,264.05,119.14,752.99,0.05,26.63,0,1.11,0
27-02-2023 00:00,58.06,138.84,36.94,35.46,48.94,15.41,7.25,0.67,14.04,2.85,12.86,27.93,75.94,1.65,240.26,128.29,752.97,0.06,26.26,0,0.8,0
28-02-2023 00:00,63.29,181.7,54.26,44.48,67.83,14.63,7.34,0.81,14.03,3.42,17.75,27.86,67.01,1.53,254.12,129.82,753.1,0.03,27.05,0,1.13,0
01-03-2023 00:00,88.13,288.91,72.53,50.92,86.1,17.92,7.49,0.91,14.38,5.88,23.13,27.71,63.47,1.54,239.84,130.3,753.2,0.07,26.96,0,2.71,0
02-03-2023 00:00,96.78,302.45,45.62,50.77,64.13,18.38,6.33,1.21,13.99,5.08,22.5,27.81,58.6,1.53,243.15,131.62,752.77,0.04,27.54,0,2.06,0
03-03-2023 00:00,92.04,281.12,60.77,54.06,78.21,15.91,20.26,1.62,13.84,5.15,27.45,27.85,61.52,1.28,227.97,107.64,753,0.05,27.75,0,2.19,0
04-03-2023 00:00,91.55,254.58,54.85,52.14,72.33,19.15,8.66,1.45,14.11,5.04,19.47,27.85,57.58,1.32,234.87,132.37,753.02,0.05,28.84,0,1.85,0
05-03-2023 00:00,80.05,274.27,54.21,49.79,70.64,16.51,5.85,1.26,14.3,6.28,27.61,28.01,52.89,1.67,234.87,133.38,752.29,0.04,28.51,0,1.7,0
06-03-2023 00:00,81.45,260.52,37.04,50.17,56.93,17.63,9.23,1.48,14.27,5.52,32.07,28.04,60.01,1.68,225.38,113.56,750.99,0.03,28.77,0,1.66,0
07-03-2023 00:00,68.64,212.1,30.33,43.71,47.98,16.52,5.29,1.63,14.42,5.34,23.04,28.02,70.15,1.55,226.77,99.38,750.98,0.04,27.26,0,1.36,0
08-03-2023 00:00,66.34,207.92,43.9,42.06,58.1,14.91,9.12,1.57,14.53,4.44,12.63,28.09,69.44,1.36,202.6,108.4,751.6,0.07,28.1,0,1.37,0
09-03-2023 00:00,67.16,192.8,39.2,44.26,55.46,17.9,12.82,0.86,15.36,3.66,12.89,27.99,67.2,1.38,186.21,108.61,751.24,0.07,27.87,0,2.01,0
10-03-2023 00:00,53.1,153.52,21.46,34.92,36.07,16.69,12.55,1.4,14.09,2.31,7.92,27.85,64.23,1.8,198.14,107.06,750.81,0.05,29.29,0,0.69,0
11-03-2023 00:00,61.14,153.7,17.7,35.33,33.18,16.91,13.03,0.73,13.9,2.22,7.4,27.97,62.61,1.79,232.61,137.09,751.14,0.05,27.93,0,0.45,0
12-03-2023 00:00,61.04,145.45,22.9,37.99,38.9,18.29,16.11,1.15,14.16,2.72,9.96,27.93,59.07,1.74,201.25,191.09,750.53,0.11,30.33,0,0.86,0
13-03-2023 00:00,86.22,237.31,51.41,56.66,71.99,18.72,14.75,1.04,14.22,5.63,20.44,27.93,59.53,1.41,235.64,143.52,749.51,0.06,28.78,0,1.96,0
14-03-2023 00:00,103.07,270.41,38.81,58.97,62.96,17.6,16.4,1.41,14.48,5.94,21.39,28,61.05,1.49,243.44,141.41,748.31,0.05,28.8,0,1.78,0
15-03-2023 00:00,74.86,200.24,32.69,44.89,50.51,16.03,13.1,1.05,14.51,4.66,20.82,27.97,75.28,2.02,275.12,102.62,748.12,0.01,27.4,0,1.34,0
16-03-2023 00:00,48.05,114.55,25.92,35.27,39.88,13.43,14.13,0.98,15.1,2.93,26.26,27.91,75.23,2.63,264.96,129.51,749.03,0,27.91,0,0.71,0
17-03-2023 00:00,44.9,126,34.79,40.33,49.78,15.33,15.78,1.11,14.74,3.2,13.2,27.89,67.05,1.38,260.41,44.37,749.66,0.01,25.75,0,1.06,0
18-03-2023 00:00,48.23,138.26,54.05,42,66.34,15.12,14.54,1.07,14.72,3.82,16.64,27.89,74.39,1.7,254.15,93.61,748.75,0.04,25.93,0.01,1.87,0.5
19-03-2023 00:00,13.7,60.79,20.43,35.79,35.69,14.91,14.85,0.7,14.55,1.4,5.85,27.79,76.2,2.06,252.2,100.4,747.75,0.01,23.08,0.2,0.51,17
20-03-2023 00:00,19.75,69.58,31.12,38.21,45.67,15.05,13.6,0.57,14.57,2.13,11.47,27.87,77.4,2.19,273.48,144.19,747.23,0.03,24.95,0.18,0.92,15.5
21-03-2023 00:00,21.6,69.68,31.94,34.56,44.38,14.04,15.26,0.8,14.73,1.93,15.11,28,80.39,2.16,257.87,118.29,747.18,0.01,26.34,0.11,0.77,9
22-03-2023 00:00,24.94,69.02,34.51,34.28,46.34,12.97,14.01,0.62,30.38,1.8,10.33,28.04,79.74,2.17,292.34,119.41,747.26,0,26.95,0,0.67,0
23-03-2023 00:00,29.32,119.52,48.76,38.33,60.07,12.83,14.64,0.75,28.44,2.63,11.14,28.01,76.94,1.94,275.7,109,747.39,0.02,26.78,0,1.11,0
24-03-2023 00:00,19.43,68.09,33.56,31.02,43.82,11.91,13.18,0.54,23.7,1.97,14.87,27.79,76.24,2.53,275.96,143.78,747.3,0.01,29.28,0,0.79,0
25-03-2023 00:00,24.66,73.87,30.76,29.72,40.86,12.36,14.99,0.55,22.73,1.88,7.98,28.05,77.6,2.4,269.86,135.08,748.44,0.02,28.64,0,0.64,0
26-03-2023 00:00,24.66,88.02,38.54,33.28,49.08,11.55,16.49,0.56,32.21,2.29,13.86,28.11,76.69,2.28,294.63,142.07,747.33,0.02,29.17,0,0.6,0
27-03-2023 00:00,27.53,79.42,30.11,31.45,41.25,11.44,11.79,0.45,22.16,1.65,6.86,28.24,78.2,2.38,277.67,124.88,746.92,0.02,29.19,0,0.5,0
28-03-2023 00:00,28.83,90.72,30.88,29.92,41.06,12.43,13.36,0.35,18.73,2.44,7.45,27.96,78.01,2.4,281.9,138.56,747.24,0.02,29.96,0,0.71,0
29-03-2023 00:00,26.5,76.34,27.21,29.53,37.87,12.38,14.24,0.58,18.6,1.47,5.08,27.85,77.03,2.88,305.06,138.11,748.15,0.03,29.66,0,0.42,0
30-03-2023 00:00,29.77,87.13,30.61,31.44,41.65,12.88,14.93,1.98,18.62,1.82,10.57,27.92,76.3,2.87,308.84,142.29,747.1,0.01,29.45,0,0.45,0
31-03-2023 00:00,21.67,79.41,27.96,31.44,39.51,10.98,11.42,0.38,19.35,1.36,4.29,28.32,75,3.25,305.62,204.94,746.61,0.04,29.54,0,0.34,0
01-04-2023 00:00,19.79,65.33,25.58,30.07,36.84,12.69,14.28,0.52,18.83,1.38,3.87,27.76,74.54,2.71,310.88,109.37,747.18,0.02,29.8,0,0.43,0
02-04-2023 00:00,19.16,69.92,38.91,32.91,49.14,11.55,14.4,0.47,18.52,1.89,21.84,27.69,79.5,1.92,274.37,76.08,747.24,0.01,27.44,0,0.52,0
03-04-2023 00:00,21.54,69.45,25.92,32.17,38.24,13.1,14.32,0.52,19.11,2.06,14.59,27.76,74.49,2.94,285.23,169.34,746.63,0.04,30.46,0,0.47,0
04-04-2023 00:00,25.33,77.36,29.87,32.87,41.82,12.39,12.64,0.71,19.03,1.64,7.85,27.8,78.12,2.9,303.27,140.55,747.46,0.03,30.02,0,0.46,0
05-04-2023 00:00,21.68,72.72,29.54,31.53,40.78,13.2,14.47,0.71,18.88,1.73,7.43,27.74,76.09,2.63,296.61,143.31,747.16,0.02,30.61,0,0.5,0
06-04-2023 00:00,21.55,70.06,29.07,31.44,40.42,12.74,13.29,0.53,19.31,1.66,8.64,27.79,77.21,2.88,280.51,150.1,747.93,0.03,30.3,0,0.44,0
07-04-2023 00:00,30.31,100.28,23.76,31.66,36.19,16.45,13.2,0.54,20.24,1.89,6.89,27.53,71.25,2.11,258.43,158.06,749.34,0.05,30.23,0,0.62,0
08-04-2023 00:00,38.71,115.62,29.98,34.35,42.69,14.82,16.3,0.79,20.35,2.54,13.16,27.76,76.97,2.13,272.2,151.22,750.34,0.04,30.25,0,0.63,0
09-04-2023 00:00,53.88,111.64,22.31,34.23,36.4,14.5,11.76,0.34,19.6,2.22,19.64,27.61,69.69,2.06,240.86,172.43,750.34,0.05,31.32,0,0.59,0
10-04-2023 00:00,61.93,146.65,24.49,38.21,40.28,15.13,13.27,0.55,20.13,2.86,18.1,27.47,64.74,2.19,246.34,144.15,748.91,0.02,32.63,0,0.68,0
11-04-2023 00:00,53.4,202.12,23.28,40.68,40.66,15.24,14.96,0.81,20.3,3.68,30.33,27.67,63.53,1.93,222.67,160.16,748.76,0.04,34.12,0,1.2,0
12-04-2023 00:00,55.59,172.04,21.92,37.3,37.71,15.35,11.45,1.19,19.9,3.92,27.49,27.78,66.49,1.99,242.21,154.27,747.63,0.05,34.2,0,1.05,0
13-04-2023 00:00,53.44,159.91,21.32,36.38,36.73,14.55,12.46,0.87,18.49,2.76,15.81,27.85,65.36,2.15,242.15,149.55,747.18,0.04,34.22,0,0.73,0
14-04-2023 00:00,54.18,157.85,23.8,38.68,39.97,14.1,15.33,1.17,18.74,3.57,23.3,28.64,63.28,2.4,262.42,150.29,746.6,0.01,34.58,0,0.87,0
15-04-2023 00:00,70.75,189.21,19.85,40.36,37.65,15.19,13.59,0.79,19.42,3.3,16.3,28.43,62.2,2.18,249.01,144.15,745.93,0.03,35.79,0,0.95,0
16-04-2023 00:00,78.23,176.28,14.49,35.23,30.56,12.69,13.1,0.74,19.34,3.03,11.83,27.7,71.78,2.57,243.79,127.21,745.01,0.03,34.03,0,0.65,0
17-04-2023 00:00,68.99,184.91,21.48,37.94,37.69,14.81,11.84,0.73,18.51,3.37,20.05,27.42,65.39,2.21,252.31,150.3,745.87,0.03,35.08,0,0.9,0
18-04-2023 00:00,64.31,227.55,15.13,37.93,32.49,15.39,16.03,0.68,18,3.62,14.7,27.54,52.86,2.49,250.69,263.38,745.9,0.06,40.88,0,0.99,0
19-04-2023 00:00,57.38,191.03,22.86,36.91,38.26,14.02,11.82,0.79,18.74,3.78,13.92,27.46,66.89,2.59,260.55,133.53,744.37,0.02,34.42,0,0.96,0
20-04-2023 00:00,58.48,171.25,22.64,34.88,37,13.36,13.5,0.61,19.87,3.13,16.23,27.17,69.58,2.55,268.5,130.79,743.24,0.02,33.4,0,0.81,0
21-04-2023 00:00,61.85,133.79,19.46,30.74,32.17,14.04,10.57,0.47,22.57,1.97,6.99,27.12,75.6,2.19,222.34,121.49,744.35,0.05,30.93,0,0.6,0
22-04-2023 00:00,56.12,138.74,24.36,35.72,38.86,13.06,14.29,0.75,19.43,2.53,13.75,27.23,73.67,2.4,276.2,149.67,744.75,0.03,30.95,0,0.78,0
23-04-2023 00:00,24.69,69.75,11.1,25.4,22.58,14.1,12.93,0.44,24.74,1.27,4.25,27.33,69.3,2.29,201.83,119.39,746.1,0.06,29.54,0,0.34,0
24-04-2023 00:00,32.44,78.77,13.35,24.74,24.06,14.53,11.69,0.35,22.66,1.09,5.36,27.11,75.02,1.9,202.22,155.74,747.34,0.09,31.41,0,0.29,0
25-04-2023 00:00,20.87,55.96,17.75,24.1,27.26,13.61,13.38,0.39,18.78,1.16,5.61,27.38,74.2,2.15,221.87,113.7,747.59,0.05,31.65,0,0.37,0
26-04-2023 00:00,34.16,98.72,22.49,27.44,32.93,13.56,15,0.2,21.65,1.68,6.27,27.36,74.08,1.91,236.7,133.53,747.06,0.07,31.12,0,0.41,0
27-04-2023 00:00,43.6,115.96,27.34,35.99,41.42,12.56,14.38,2,18.23,1.98,12.92,28.23,70.14,2.05,271.63,128.86,746.74,0.03,31.38,0,0.73,0
28-04-2023 00:00,43.46,102.87,27.75,34.17,40.76,12.63,13.53,0.51,18.51,2.29,12.59,28.01,72.11,2.36,268.24,173.12,747.52,0.03,31.94,0,0.63,0
29-04-2023 00:00,42.23,124.49,38.31,37.77,51.28,13.89,14.65,0.5,19.36,3.35,26.8,27.56,71.53,1.94,270.26,135.62,746.91,0.04,31.29,0,1.23,0
30-04-2023 00:00,41.32,138.32,47.15,41,60.18,14.23,13.64,0.46,19.63,2.67,11.39,27.51,68.78,1.93,272.58,145.82,745.78,0.04,32.14,0,1.28,0
01-05-2023 00:00,26.97,80.85,28.72,37.03,43.08,15.5,13.64,0.52,20.69,2.12,15.39,27.62,80.55,1.64,267,30.93,746.95,0.03,26.19,0.22,0.61,19
02-05-2023 00:00,28.99,122.2,40.51,35.44,51.83,14.66,14.09,0.41,19.81,2.1,9.37,27.48,76.71,1.66,235.67,172.06,747.48,0.06,28.53,0,0.8,0
03-05-2023 00:00,22.28,75.34,31.95,34.51,44.37,14.62,14.28,0.45,18.78,1.93,9.86,27.26,79.88,1.33,244.21,80.08,747.93,0.02,27.86,0.05,0.8,4.5
04-05-2023 00:00,12.73,43.69,33.3,30.22,43.18,14.84,13.9,0.35,22.36,1.42,8.27,27.22,77.89,1.65,228.59,159.5,747.11,0.07,29.76,0,0.59,0
05-05-2023 00:00,22.66,88.04,33.15,35.78,45.98,14.82,14.92,0.26,19.1,2.22,11.89,27.42,73.98,2.01,274.06,138.01,745.72,0.03,30.84,0,0.79,0
06-05-2023 00:00,23.55,102.54,32.73,36.95,46.31,14.9,13.63,0.36,19.89,1.97,9.79,27.43,72.37,2.32,286.52,159.38,744.98,0.04,31.76,0,0.73,0
07-05-2023 00:00,28.75,87.51,19.94,37.93,36.45,16.62,12.37,0.53,19.72,2.78,17.74,27.68,71.89,1.95,274.85,147.62,744.6,0.02,33.95,0,0.78,0
08-05-2023 00:00,36.03,87.07,21.79,35.94,36.88,17.88,13.74,0.52,20.13,2.53,17.31,28.04,76.25,2.43,267.71,148.26,744.35,0.03,32.75,0,0.51,0
09-05-2023 00:00,43.76,87.36,19.27,34.46,34.03,18.86,12.37,0.43,19.7,2.05,14.03,27.69,77.03,2.31,254.98,147.18,744.84,0.03,32.68,0,0.57,0
10-05-2023 00:00,36.35,71.95,19.05,32.15,32.64,18.75,11.78,0.25,20.17,1.83,11.08,27.72,78.35,2.07,248.98,149.24,744.66,0.03,32.73,0,0.37,0
11-05-2023 00:00,27.51,75.79,18.87,29.68,30.94,18.69,11.86,0.34,22.48,1.39,6.76,27.51,74.38,1.76,201.45,150.76,745.19,0.07,32.99,0,0.45,0
12-05-2023 00:00,19.03,55.42,14.74,29.13,27.53,18.12,13.37,0.28,20.86,1.1,6.67,27.5,71.22,1.95,238.35,125.01,744.3,0.05,33.47,0,0.33,0
13-05-2023 00:00,32.75,116.42,22.84,36.16,37.63,18.65,14.7,0.55,19.76,2.36,9.22,27.58,73.21,1.73,240.07,121.62,743.35,0.03,33.07,0,0.82,0
14-05-2023 00:00,72.66,165.97,13.01,35.22,29.39,23.19,18.94,0.61,22.08,2.76,6.96,28.58,77.03,1.86,227.85,169.41,741.69,0.04,34.26,0,0.42,0
15-05-2023 00:00,62.34,186.76,12.44,39.39,31.12,22.52,15.92,0.61,22.39,5.05,9.04,27.68,77.56,2.2,254.54,152.92,742.21,0.04,34.56,0,0.63,0
16-05-2023 00:00,47.08,148.54,10.84,27.57,23.52,22.06,11.13,0.6,23.68,2.68,6.1,27.7,78.19,2.1,189.37,160.54,743.96,0.07,35.06,0,0.35,0
17-05-2023 00:00,34.62,101.02,12.28,29.03,25.43,21.68,14.68,0.33,19.2,1.03,3.13,28.24,79.82,3.19,231.61,138.1,746.24,0.07,33.86,0,0.22,0
18-05-2023 00:00,35.76,120.36,16.21,36.39,32.58,21.81,11.79,0.39,19.78,2.22,5.33,28.06,75.6,2.72,301.1,135.68,747.17,0.03,34.01,0,0.36,0
19-05-2023 00:00,37.41,112.28,15.38,36.11,31.56,21.28,11.81,0.42,20.71,1.78,5.86,27.78,74.93,3,299.68,147.47,746.24,0.04,32.86,0.11,0.42,10
20-05-2023 00:00,43.73,117.68,20.63,38.6,37.42,22.33,12.15,0.49,21.05,2.14,10.06,27.98,73.73,2.51,293.16,188.87,745.62,0.03,33.44,0,0.39,0
21-05-2023 00:00,30.16,87.44,11.63,34.15,27.74,20.96,15.59,0.42,21.56,0.83,2.99,27.59,72.4,3.2,293.86,187.16,746.65,0.05,33.64,0,0.21,0
22-05-2023 00:00,37.83,98.49,16.58,36.13,32.74,23.05,13.92,0.42,19.77,1.03,5.76,27.91,72.83,3.03,292.61,165.98,746.87,0.04,33,0.08,0.16,7.5
23-05-2023 00:00,37.31,100.74,17.43,39.17,35.05,23.18,13.28,0.36,21.31,0.76,3.17,27.85,71.47,2.37,263.72,123.52,747,0.03,31.1,0.01,0.17,1
24-05-2023 00:00,45.62,112.26,18.71,38.79,35.89,23.6,13.71,0.29,19.84,0.39,1.44,28.01,73.28,2.97,291.02,150.95,745.92,0.03,32.64,0,0.07,0
25-05-2023 00:00,44.69,107.33,18.36,40.04,36.22,26.18,13.98,0.57,19.92,1.02,4.73,28.65,76.25,2.96,284.96,93.02,745.31,0.02,30.3,0.14,0.23,11
26-05-2023 00:00,44.95,118.93,18.54,42.96,37.97,25.71,13.58,0.58,21.73,1.25,4.64,27.79,77.29,2,272.69,94.82,745.94,0.02,31.17,0.01,0.3,0.5
27-05-2023 00:00,56.69,143.54,15.42,37.24,32.39,26.17,9.54,0.5,22.47,1.89,7.97,27.52,77.65,2.3,230.18,157.55,744.47,0.04,33.36,0,0.34,0
28-05-2023 00:00,54.56,133.02,19.7,40.52,37.62,30.2,19.3,0.56,21.89,0.64,2.47,29.07,77.41,1.85,217.49,136.11,744.91,0.04,32.3,0,0.14,0
29-05-2023 00:00,53.88,187.65,36.02,42.9,52.12,26.72,21,0.67,21.22,0.9,2.08,28.76,74.98,2.05,266.16,160.44,745.86,0.05,32.83,0,0.14,0
30-05-2023 00:00,36.16,102.4,16.87,36.72,33.3,24.37,12.83,0.31,19.94,0.74,3.28,27.99,72.2,2.31,283.49,163.17,745.94,0.03,34.14,0,0.21,0
31-05-2023 00:00,57.97,178.05,24.8,45.37,44.34,24.71,14.14,0.7,20.26,1.75,7.6,27.54,69.39,2.14,291.55,116.39,744.65,0.01,33.63,0,0.41,0
01-06-2023 00:00,60.97,144.13,17.32,41.2,36.06,26.7,14.28,0.66,20.41,0.88,3.65,28.01,73.76,2.25,269.58,123.15,743.61,0.02,34.36,0,0.16,0
02-06-2023 00:00,76.74,174.72,19.57,40.45,37.42,27.44,9.99,0.45,20.61,1.73,10.09,27.33,79.97,1.68,270.24,120.88,743.64,0.02,33.8,0,0.3,0
03-06-2023 00:00,34.73,101.47,10.72,32.5,26,23.51,13.94,0.38,23.39,1.13,2.49,27.9,79.75,3.01,237.44,174.13,743.6,0.07,34.79,0,0.18,0
04-06-2023 00:00,38.3,106.74,8.75,32.33,24.25,24.08,13.82,0.3,22.18,0.67,1.98,27.45,75.81,2.64,225.21,136.36,743.88,0.04,33.2,0,0.13,0
05-06-2023 00:00,44.67,110.85,10.92,35.63,27.88,24.7,14.06,0.48,23.27,1.22,3.77,27.41,70.38,2.12,252.61,148.56,743.03,0.04,32.9,0,0.19,0
06-06-2023 00:00,45.46,140.54,13.17,38.9,31.44,24.98,12.75,0.57,21.45,1.29,5.38,27.58,75.96,1.78,250.22,112.87,742.22,0.03,34.24,0,0.33,0
07-06-2023 00:00,53.32,202.32,17.27,46.44,38.79,25,13.35,0.58,21.38,1.45,6.3,27.84,68.09,2.25,289.48,138.35,741.79,0.03,35.92,0,0.24,0
08-06-2023 00:00,59.39,193.08,20.91,53.4,45.45,26.36,16.84,0.77,22.83,1.65,6.34,28.97,62.12,1.79,273.98,132.21,741.31,0.01,37.42,0,0.48,0
09-06-2023 00:00,46.03,162,11.49,38.92,30.09,25.13,11.81,0.63,22.49,1.09,2.92,28.25,69.74,2.15,263.3,145.4,740.15,0.02,36.84,0.01,0.25,1
10-06-2023 00:00,45.6,147.23,16.8,41.92,36.01,23.11,12.48,0.71,19.31,1.58,6.68,28.31,57.72,2.49,281.94,161.03,739.07,0,40.9,0,0.34,0
11-06-2023 00:00,43.92,152.32,13.01,39.24,31.5,23.84,9.95,0.63,21.86,1.87,8.05,27.49,60.31,2.49,263.11,141.78,739.78,0.02,38.53,0,0.31,0
12-06-2023 00:00,39.06,129.12,18.67,40.81,36.93,24.21,12.24,0.57,17.75,0.66,2.76,27.84,71.05,2.69,256.16,133.67,740.48,0.02,34.84,0,0.08,0
13-06-2023 00:00,54.09,164.32,16.59,46.12,37.59,29.93,13.62,0.52,28.6,0.06,0.11,28.93,70.47,1.91,229.97,117.36,740.84,0.02,35.57,0,0.04,0
14-06-2023 00:00,41.66,127.48,15.42,42.51,35.15,27.46,9.1,0.61,19.32,0.02,0.05,28.95,69.78,2.9,254.57,159.83,741.46,0.02,34.37,0,0.02,0
15-06-2023 00:00,47.55,157.28,18.36,52.25,42.76,26.27,12.4,0.77,13.77,0,0.04,29.2,66.05,2.04,270.25,133.38,741.68,0.01,37.1,0,0.99,0
16-06-2023 00:00,54.35,182.21,14.33,53.43,40.07,25.81,16.12,0.71,13.59,0,0.17,29.44,62.65,2,270.57,97.66,740.78,0.01,38.2,0,0.91,0
17-06-2023 00:00,46.13,151.75,13.86,45.17,35.34,25.19,12.06,0.6,19.29,1.75,9.8,30.17,59.68,2.4,235.81,135.03,741.49,0.03,37.77,0.01,2.74,0.5
18-06-2023 00:00,48.93,150.86,10.94,42.11,31.35,29.23,6.44,0.66,15.22,2.74,14.08,28.63,69.04,2.35,192.73,185.72,741.49,0.03,36.5,0,0.65,0
19-06-2023 00:00,34.86,94.71,13.55,39.79,31.88,29.39,11.06,0.65,14.47,2.06,9.26,30.97,76.85,2.04,207.6,83.18,742.16,0.02,31.58,0.02,0.61,2
20-06-2023 00:00,47.96,119.27,9.84,42.75,30.78,28.23,11.79,0.57,15.82,3.48,27.79,28.74,76.26,2.16,224.24,142.33,742.32,0.03,32.19,0,0.51,0
21-06-2023 00:00,31.81,90.95,12.95,41.51,32.52,22.43,7.31,0.35,15.54,1.69,11.24,29.08,72.26,2.39,247.83,170.31,742.05,0.02,33.2,0,0.39,0
22-06-2023 00:00,34,133,10.3,36.1,27.6,24.7,7.3,0.33,10.9,1.6,4.1,29.8,81,4.6,281,8,743,0,31.6,0,0.2,0
